[{
  "_id": {
    "$oid": "627a7da76d29cb2dfc456d4c"
  },
  "Title": "Mrs",
  "FirstName": "Susan",
  "Surname": "Hills",
  "Phone": "+1112223334",
  "Email": "susan@gmail.com",
  "Address": {
    "Address1": "111, Queen Street",
    "Address2": "London",
    "Town": "London",
    "Country": "England",
    "EIRCODE": "aaadef"
  },
  "DOB": "1999-10-20",
  "ContactPermission": "Y",
  "Gender": "Female",
  "MaritalStatus": "Married",
  "Referrer ": "doctor",
  "RecordDate": {
    "$date": "2022-05-10T18:30:00Z"
  },
  "Parent": "Charles Middle"
}]